sep=,
ID,Description,Type,Address
0,player_health,4 Bytes,cndoom.exe+614F4
2,player_armor,4 Bytes,cndoom.exe+116C8C
22,player_momentum,4 Bytes,cndoom.exe+11CF44
5,equipped_weapon,4 Bytes,cndoom.exe+116E9C
6,equipped_ammo,4 Bytes,cndoom.exe+11CF98
3,ammo_bullet,4 Bytes,cndoom.exe+116C0C
7,ammo_shell,4 Bytes,cndoom.exe+116C2C
8,ammo_rocket,4 Bytes,cndoom.exe+116C6C
9,ammo_cell,4 Bytes,cndoom.exe+116C4C
11,level_episode_number,4 Bytes,cndoom.exe+11D934
10,level_map_number,4 Bytes,cndoom.exe+11D3A4
19,level_secret_count,4 Bytes,cndoom.exe+11CFFC
21,level_total_secrets,4 Bytes,cndoom.exe+11D93C
18,level_kill_count,4 Bytes,cndoom.exe+11CFF4
20,level_monster_count,4 Bytes,cndoom.exe+11D564
13,power_ironfeet,4 Bytes,cndoom.exe+11CF60
14,power_invisibility,4 Bytes,cndoom.exe+11CF5C
15,power_invulnerability,4 Bytes,cndoom.exe+11CF54
16,power_light,4 Bytes,cndoom.exe+11CF68
17,power_berserk,4 Bytes,cndoom.exe+11CF58
25,game_tics,4 Bytes,cndoom.exe+12F5F0